{"myFieldA":2147483647}
{"myFieldA":9223372036854775807}
{"myFieldA":3.4028235E38}
{"myFieldA":1.7976931348623157E308}